baixinz2::Movie,Title,TEXT,974,26
LALA LAND,Wed Mar 28 14:13:57 2018
LION KING,Wed Mar 28 14:13:57 2018
FINDING NEMO,Wed Mar 28 14:13:57 2018
FINDING DORY,Wed Mar 28 14:13:57 2018
STAR WAR,Wed Mar 28 14:13:57 2018
PACIFIC RIM II,Wed Mar 28 14:13:57 2018
SHAPE OF WATER,Wed Mar 28 14:13:57 2018
THE LORD OF THE RINGS II,Wed Mar 28 14:13:57 2018
PULP FICTION,Wed Mar 28 14:13:57 2018
THE GOOD BAD UGLY,Wed Mar 28 14:13:57 2018
FIGHT CLUB,Wed Mar 28 14:13:57 2018
THE LORD OF THE RINGS I,Wed Mar 28 14:13:57 2018
FORREST GUMP,Wed Mar 28 14:13:57 2018
STAR WARSV,Wed Mar 28 14:13:57 2018
INCEPTION,Wed Mar 28 14:13:57 2018
THE LORD OF THE RINGS III,Wed Mar 28 14:13:57 2018
ONE FLEW OVER THE CNEST,Wed Mar 28 14:13:57 2018
GOOD FELLAS,Wed Mar 28 14:13:57 2018
THE MATRIX,Wed Mar 28 14:13:57 2018
SEVEN SAMURAI,Wed Mar 28 14:13:57 2018
THE SHAWSHANK REDEMPTION,Wed Mar 28 14:13:57 2018
THE GODFATHER,Wed Mar 28 14:13:57 2018
THE GODFATHER II,Wed Mar 28 14:13:57 2018
THE DARK KNIGHT,Wed Mar 28 14:13:57 2018
12 ANGRY MEN,Wed Mar 28 14:13:57 2018
SCHINDLERS LIST,Wed Mar 28 14:13:57 2018